id,address,bad_address,PO,lat,lon,score,precision,precise_geocode,fips_tract_id,fraction_assisted_income,fraction_high_school_edu,median_income,fraction_no_health_ins,fraction_poverty,fraction_vacant_housing,dep_index,dist_to_1100,dist_to_1200,length_1100,length_1200
55001310120,PO BOX 12345 GREEN TOWNSHIP OH 45238,FALSE,TRUE,NA,NA,NA,NA,NA,NA,NA,NA,NA,NA,NA,NA,NA,NA,NA,NA,NA
9000010083,3333 BURNET AVE CINCINNATI OH 45229,TRUE,TRUE,NA,NA,NA,NA,NA,NA,NA,NA,NA,NA,NA,NA,NA,NA,NA,NA,NA
67100240229,foreign,TRUE,FALSE,NA,NA,NA,NA,NA,NA,NA,NA,NA,NA,NA,NA,NA,NA,NA,NA,NA
2800040021,verify,TRUE,FALSE,NA,NA,NA,NA,NA,NA,NA,NA,NA,NA,NA,NA,NA,NA,NA,NA,NA
59004140168,unknown,TRUE,FALSE,NA,NA,NA,NA,NA,NA,NA,NA,NA,NA,NA,NA,NA,NA,NA,NA,NA
4100010061,PO 12345 CINCINNATI OH 45208,FALSE,FALSE,NA,NA,0.908,zip,FALSE,NA,NA,NA,NA,NA,NA,NA,NA,NA,NA,NA,NA
52001710431,6634 MURRAY AV COLUMBIA TOWNSHIP OH 45227,FALSE,FALSE,NA,NA,0.444,street,FALSE,NA,NA,NA,NA,NA,NA,NA,NA,NA,NA,NA,NA
55000100280,2854 ROSEANN LN GREEN TOWNSHIP OH 45239,FALSE,FALSE,39.19674,-84.582601,0.754,range,TRUE,39061020811,0.12536443148688048,0.9002262443438914,62639,0.10115336658354114,0.06764339152119701,0.034482758620689655,0.31229679246790604,1982.8050582184087,427.1093550882133,0,0
9800060045,407 SOUTHVIEW AV CINCINNATI OH 45219,FALSE,FALSE,39.127314,-84.526996,0.922,range,TRUE,39061002700,0.17012987012987013,0.8454987834549879,32313,0.1954756380510441,0.43271461716937354,0.14823008849557523,0.5154698842235717,582.4699813714099,531.1762162115187,0,0
59100090241,909 GRETNA LN FOREST PARK OH 45240,FALSE,FALSE,39.28765,-84.510173,0.954,range,TRUE,39061021505,0.15022222222222223,0.8870116156282999,44345,0.11547742157876595,0.10414489724834552,0.12040656763096169,0.3676163423277798,1273.660015776438,308.6945109243107,0,0
21600460082,222 E CENTRAL PKWY CINCINNATI OH 45202,FALSE,FALSE,39.107766,-84.511008,0.941,range,TRUE,39061001000,0.3008631319358816,0.883129123468426,40950,0.19365284974093264,0.3270725388601036,0.3491171749598716,0.5259467850062001,600.154150857753,9.598152848510258,0,1034.425541255376
50002200628,2367 BRETTON DR ANDERSON TOWNSHIP OH 45244,FALSE,FALSE,39.106521,-84.352668,0.554,street,TRUE,39061024902,0.034594594594594595,0.9656777196044212,116619,0.04346704501483297,0.015320695923136847,0.033101045296167246,0.17797290118293568,5302.455592815961,2028.359939853856,0,0
67100040004,1424 JEFFERSON AV READING OH 45215,FALSE,FALSE,39.228281,-84.442817,0.914,range,TRUE,39061023201,0.23269391159299416,0.829957356076759,34148,0.16718695802983005,0.20922970159611382,0.09984984984984985,0.4591344394258631,566.2774096410908,397.7006053325844,0,0
5100020177,4506 CAMBERWELL RD CINCINNATI OH 45209,FALSE,FALSE,39.158521,-84.417572,0.943,range,TRUE,39061005400,0.15895061728395063,0.93854033290653,45556,0.11577868852459017,0.08748728382502544,0.09497206703910614,0.3466133845765114,1059.888180158968,1217.161476101484,0,0
55000100212,5585 FAIRWOOD RD GREEN TOWNSHIP OH 45239,FALSE,FALSE,39.191731,-84.581686,0.767,range,TRUE,39061020811,0.12536443148688048,0.9002262443438914,62639,0.10115336658354114,0.06764339152119701,0.034482758620689655,0.31229679246790604,1584.8160376871783,685.8381588859352,0,0
51000810328,6628 JULY CT COLERAIN TOWNSHIP OH 45239,FALSE,FALSE,39.207945,-84.583429,0.754,range,TRUE,39061020762,0.20202874049027894,0.8161546085232904,37153,0.18625561978163135,0.30950840879689523,0.12305411415863603,0.4877896076822731,1911.3452321439706,7.2193342250663965,0,600.9274604064409
61201400371,5126 BRASHER AV BLUE ASH OH 45242,FALSE,FALSE,39.257199,-84.372962,0.917,range,TRUE,39061023521,0.04244817374136229,0.9649661954517517,65156,0.06153846153846154,0.07378719934773746,0.12747631352282515,0.2695035414677973,816.1384287008383,775.8496144550054,0,0
19200650054,3708 TAPPAN AV CINCINNATI OH 45223,FALSE,FALSE,39.154809,-84.555112,0.922,range,TRUE,39061007700,0.5728395061728395,0.6879334257975035,12618,0.09173351935821417,0.6330659225671433,0.20013166556945358,0.7098350249911985,621.4650157593009,874.7085545928916,0,0
60000110098,11924 7TH AV SYCAMORE TOWNSHIP OH 45249,FALSE,FALSE,39.289207,-84.323762,0.538,street,TRUE,39061024301,0.06258790436005626,0.9779411764705882,89348,0.08090359863409509,0.11715261360651431,0.07901554404145078,0.2569309197389073,122.43241715018293,991.32221650035,1062.129895983619,0
60001000117,7401 KENNEDY LN SYCAMORE TOWNSHIP OH 45242,FALSE,FALSE,39.222929,-84.362476,0.742,range,TRUE,39061024002,0.031992687385740404,0.9566353187042842,80385,0.031676022453889334,0.05653568564554932,0.09735973597359736,0.23405057178667396,405.95096905714837,84.92540887316295,0,562.5205063084696
50002700262,7085 JEANNIE AV ANDERSON TOWNSHIP OH 45230,FALSE,FALSE,39.069522,-84.36304,0.749,range,TRUE,39061025002,0.040258260539308775,0.9724590163934427,81995,0.0639649175865719,0.0768183880235899,0.03905109489051095,0.23916427477589428,1309.2476829787074,448.37620871269326,0,0
60002110309,6120 ST REGIS DR SYCAMORE TOWNSHIP OH 45236,FALSE,FALSE,39.21411,-84.378857,0.529,street,TRUE,39061024001,0.03795233892321271,0.9660834454912517,61474,0.08143828960155491,0.07764098490865766,0.0936,0.2756227744628455,741.2886737541495,1381.4861105237967,0,0
22100190292,4162 CHAMBERS ST CINCINNATI OH 45223,FALSE,FALSE,39.162385,-84.534013,0.947,range,TRUE,39061007400,0.15155440414507773,0.8701298701298701,42031,0.1668757841907152,0.2026266416510319,0.23940886699507388,0.4337676838787952,528.0111512617694,471.26726286969307,0,0
61201110164,17 CARPENTERS RIDGE RD BLUE ASH OH 45241,FALSE,FALSE,39.24182,-84.405757,0.801,range,TRUE,39061023501,0.03676048248133257,0.9477658904971681,101984,0.0434883182974786,0.03269944341372913,0.06848582129481005,0.20847197268480477,1957.6791568323592,1281.5370065566533,0,0
52500160078,6639 APACHE CIR MADEIRA OH 45243,FALSE,FALSE,39.183676,-84.380026,0.94,range,TRUE,39061024100,0.05772882643372579,0.9599224305106658,75603,0.057049955660656224,0.04714750221696719,0.03055964653902798,0.24286684219833005,978.7665977395773,1563.8625269078298,0,0
50003700268,6296 CRITTENDEN DR ANDERSON TOWNSHIP OH 45244,FALSE,FALSE,39.114309,-84.375814,0.755,range,TRUE,39061024902,0.034594594594594595,0.9656777196044212,116619,0.04346704501483297,0.015320695923136847,0.033101045296167246,0.17797290118293568,6351.695877919171,847.2032381419166,0,0
17900770440,1029 RUTLEDGE AV CINCINNATI OH 45205,FALSE,FALSE,39.11109,-84.58803,0.922,range,TRUE,39061009700,0.3494598403006106,0.7811955890887986,27845,0.13112827400940227,0.42612491605104097,0.1738455568490493,0.5644072163546874,4597.213658340598,240.79719340182882,0,318.1127426315046
60002310072,8462 WICKLOW AV SYCAMORE TOWNSHIP OH 45236,FALSE,FALSE,39.214071,-84.404595,0.749,range,TRUE,39061023600,0.0984759671746776,0.8965262379896526,53718,0.0768258781905484,0.16528301886792454,0.0662287903667214,0.3375433117012776,942.9184152234354,2343.1949016230305,0,0
61200600204,9354 FLORAL AV BLUE ASH OH 45242,FALSE,FALSE,39.227722,-84.382689,0.917,range,TRUE,39061023522,0.04161979752530934,0.9437724014336918,58463,0.05963984800925161,0.07237715803452856,0.03159041394335512,0.26951274874320535,314.94147622486236,625.6378664180088,0,0
51000710151,8145 BLANCHETTA DR COLERAIN TOWNSHIP OH 45239,FALSE,FALSE,39.218863,-84.578876,0.764,range,TRUE,39061020762,0.20202874049027894,0.8161546085232904,37153,0.18625561978163135,0.30950840879689523,0.12305411415863603,0.4877896076822731,662.466068394906,588.7226767133009,0,0
52700100025,6827 MT VERNON AV MARIEMONT OH 45227,FALSE,FALSE,39.142696,-84.375735,0.869,range,TRUE,39061024800,0.018799710773680405,0.9858968708682239,90486,0.03495484998543548,0.023955594507741748,0.08893280632411067,0.2028796301183033,3909.5621249159803,252.25413394747397,0,533.2009286738389
22500030012,2385 MONTANA AV CINCINNATI OH 45211,FALSE,FALSE,39.157044,-84.574001,0.922,range,TRUE,39061010002,0.3817821782178218,0.8084243369734789,21417,0.1624784193362747,0.37233838480721276,0.2394578313253012,0.5767941173138759,251.39251979850027,1944.0735605766388,347.2372410654401,0
51000700019,3053 BANNING RD COLERAIN TOWNSHIP OH 45239,FALSE,FALSE,39.211275,-84.585293,0.749,range,TRUE,39061020761,0.14858327574291638,0.8623775031955688,49308,0.09992193598750976,0.11772053083528493,0.06252024619371559,0.3597757714641918,1551.7411978151965,83.53961797869384,0,574.5792285972683
65100520093,4228 FRANKLIN AV NORWOOD OH 45212,FALSE,FALSE,39.155716,-84.462985,0.924,range,TRUE,39061025500,0.24986566362170876,0.7864010989010989,34514,0.20205632543585159,0.25588697017268447,0.13722763096893834,0.504403820004468,1164.2025950314792,250.60183397968365,0,333.94361323692624
14900120025,2388 MARYLAND AV CINCINNATI OH 45204,FALSE,FALSE,39.103255,-84.554964,0.922,range,TRUE,39061009600,0.2245005257623554,0.8114224137931034,34386,0.12854847348687734,0.2579003749330477,0.1937261551504875,0.4733412833599715,2060.9921551597017,95.25575978208732,0,631.3958599462399
59500020243,1532 SOUTHRIDGE LN NORTH COLLEGE HILL OH 45231,FALSE,FALSE,39.222116,-84.546861,0.77,range,TRUE,39061021801,0.17186963979416808,0.9147920927062031,38389,0.15121000487250283,0.22121162904011693,0.07869785082174463,0.409967296073414,351.19327876312116,191.15186022131095,0,461.1333089286354
60800100075,4104 CARRIAGELITE DR SHARONVILLE OH 45241,FALSE,FALSE,39.274959,-84.39074,0.845,street,TRUE,39061023001,0.14158462259728083,0.8668573244359707,42349,0.17166333555407506,0.20497446147013101,0.017050691244239632,0.40626700969613655,1621.8706629743765,1307.7822455963837,0,0
51001010270,3657 VERNIER DR COLERAIN TOWNSHIP OH 45251,FALSE,FALSE,39.24134,-84.599597,0.735,range,TRUE,39061020701,0.08044733044733045,0.8607220359045177,61206,0.11232279171210469,0.14229086932750137,0.09114754098360656,0.3439553449366651,1234.146235864915,455.57906644908746,0,0
2200040012,1307 DILLON AV CINCINNATI OH 45208,FALSE,FALSE,39.132608,-84.416917,0.922,range,TRUE,39061004800,0.006934812760055479,0.9795373665480427,108710,0.01612403100775194,0.026976744186046512,0.017041581458759374,0.16719655294622138,3118.0633666334033,746.6891957452971,0,0
55000640056,4370 AIRYMONT CT GREEN TOWNSHIP OH 45211,FALSE,FALSE,39.167463,-84.596113,0.76,range,TRUE,39061020802,0.034328358208955224,0.9405176704828273,74387,0.051885160843998614,0.06572120373573158,0.024745269286754003,0.24598390819390992,1089.75879644477,2909.9393940751047,0,0
59600100129,11 ALBION LN GLENDALE OH 45246,FALSE,FALSE,39.267424,-84.452977,0.946,range,TRUE,39061022400,0.03211517165005537,0.9608452454940957,95451,0.026785714285714284,0.04622641509433962,0.09154929577464789,0.21142429157597437,1050.886755254815,1217.087063407854,0,0
67100160157,2152 BOLSER DR READING OH 45215,FALSE,FALSE,39.222482,-84.427354,0.943,range,TRUE,39061023222,0.1507996953541508,0.7993772241992882,44336,0.07376453488372094,0.07085755813953488,0.0380952380952381,0.3590116380532744,641.9925452552861,1075.5979206117463,0,0
54001200027,6513 RAPID RUN RD DELHI TOWNSHIP OH 45233,FALSE,FALSE,39.111958,-84.667418,0.758,range,TRUE,39061021302,0.003948667324777887,0.9343976053878773,79531,0.04593701061423351,0.04071689577170698,0.01983551040154814,0.22494816519806154,4226.172107607001,1324.7571144791311,0,0
60000930179,5849 BAYBERRY DR SYCAMORE TOWNSHIP OH 45242,FALSE,FALSE,39.216002,-84.371319,0.748,range,TRUE,39061024001,0.03795233892321271,0.9660834454912517,61474,0.08143828960155491,0.07764098490865766,0.0936,0.2756227744628455,137.36701962688772,895.7848075438201,1040.7689974607024,0
02040A150084,1628 MINION AV CINCINNATI OH 45205,FALSE,FALSE,39.117415,-84.576036,0.922,range,TRUE,39061009200,0.4254498714652956,0.706959706959707,18629,0.22876901798063623,0.5610230747845427,0.26430260047281323,0.6954818229476102,3473.3235879264025,387.547993297962,0,0
5400040073,3329 GRAYDON AV CINCINNATI OH 45207,FALSE,FALSE,39.137718,-84.469708,0.922,range,TRUE,39061003900,0.35190217391304346,0.8130841121495327,26389,0.11925601750547046,0.37797454344216935,0.3023696682464455,0.5568726678816738,595.3265249636153,418.3923504276659,0,0
59400100515,955 SCHUMARD AV LINCOLN HEIGHTS OH 45215,FALSE,FALSE,39.237191,-84.459018,0.932,range,TRUE,39061022700,0.41381668946648426,0.8289296909986565,23662,0.18722139673105498,0.38959881129271917,0.17957351290684623,0.5825010468619709,654.8757918859524,1082.5172265551018,0,0
60200080044,4229 SIBLEY AV SILVERTON OH 45236,FALSE,FALSE,39.197777,-84.398106,0.919,range,TRUE,39061023800,0.13088177145116647,0.9063885267275098,36794,0.09832512315270936,0.12063428342031313,0.13271604938271606,0.3653744258801755,1108.9926019522877,453.653776872552,0,0
51001010052,3630 POOLE RD COLERAIN TOWNSHIP OH 45251,FALSE,FALSE,39.225757,-84.588192,0.535,street,TRUE,39061020705,0.18494795836669337,0.8835978835978836,47630,0.07107341327873647,0.14858145656624744,0.06301575393848462,0.36345598103687904,4.400115319595888,0.05145559364598358,1199.2286042274081,600.0204260431751
9500050041,2131 VINE ST CINCINNATI OH 45202,FALSE,FALSE,39.120217,-84.516996,0.859,street,TRUE,39061002500,0.05582761998041136,0.872,25276,0.0677432059866089,0.5454903505317054,0.177276390008058,0.4757463557556497,1428.762630508781,580.6058452501769,0,0
4100010010,3611 SHAW AV CINCINNATI OH 45208,FALSE,FALSE,39.142703,-84.439909,0.92,range,TRUE,39061005000,0.050860420650095606,0.9554655870445344,65156,0.04991783073130649,0.06286067600989283,0.11265693926026468,0.26563401966999745,940.3137820885527,267.70278584061845,0,269.81326891609376
51000410420,9982 DUNRAVEN DR COLERAIN TOWNSHIP OH 45251,FALSE,FALSE,39.252545,-84.578766,0.741,range,TRUE,39061020742,0.2519582245430809,0.8571974035891562,47083,0.14461332141260616,0.14073071718538566,0.11033681765389082,0.41788001180810513,1533.681032301304,1602.5582569784287,0,0
24700060285,1135 WIONNA AV CINCINNATI OH 45224,FALSE,FALSE,39.203833,-84.536645,0.922,range,TRUE,39061011100,0.13953488372093023,0.935687263556116,49854,0.06868131868131869,0.08460076045627377,0.11428571428571428,0.3232267742937359,1789.279269208215,946.6604163154683,0,0
61201500517,10960 E ALLENHURST BLVD BLUE ASH OH 45241,FALSE,FALSE,39.266442,-84.387294,0.824,range,TRUE,39061023501,0.03676048248133257,0.9477658904971681,101984,0.0434883182974786,0.03269944341372913,0.06848582129481005,0.20847197268480477,2360.351376829784,1598.7543734973756,0,0
59002310126,1119 GARNOA DR SPRINGFIELD TOWNSHIP OH 45231,FALSE,FALSE,39.242654,-84.523755,0.733,range,TRUE,39061022101,0.049970255800118976,0.9548846675712347,58711,0.06700125470514429,0.1312877263581489,0.05879059350503919,0.2898257566119666,2483.570799902828,2009.1398892189316,0,0
3700030043,6406 ROE ST CINCINNATI OH 45227,FALSE,FALSE,39.15527,-84.386534,0.96,range,TRUE,39061005600,0.16300940438871472,0.8674838112858464,45230,0.16413744985173556,0.19592476489028213,0.0995059985885674,0.41384723819108354,2224.4719640194317,1199.409428774286,0,0
59500080299,1947 STERLING AV NORTH COLLEGE HILL OH 45239,FALSE,FALSE,39.213328,-84.558362,0.937,range,TRUE,39061021802,0.16458658346333854,0.9188576609247506,49167,0.12686804451510333,0.11796502384737678,0.20864197530864198,0.37574857083268215,1050.4087064519706,805.9038797901239,0,0
11500070009,3989 BEECHWOOD AV CINCINNATI OH 45229,FALSE,FALSE,39.156913,-84.483795,0.922,range,TRUE,39061006500,0.18785471055618616,0.8827201051248358,56513,0.07545086492454914,0.2029167714357556,0.2365684575389948,0.3923808493287681,1499.9731646485923,272.13549664444906,0,335.9342687136836
55001610086,5921 WERK RD GREEN TOWNSHIP OH 45248,FALSE,FALSE,39.143034,-84.644852,0.721,range,TRUE,39061021002,0.050724637681159424,0.9291497975708503,63163,0.08863573214781884,0.10919699916643512,0.047619047619047616,0.29257552067289844,5003.9881822490415,1477.2458162157986,0,0
13100070229,1922 CATALINA AV CINCINNATI OH 45237,FALSE,FALSE,39.171117,-84.461759,0.922,range,TRUE,39061006300,0.15276967930029153,0.888420245398773,38470,0.11028192371475953,0.1423794928949568,0.12455334354262379,0.3831314993957367,502.7043458535758,534.7927912834733,0,0
5800010049,3518 HUDSON AV CINCINNATI OH 45207,FALSE,FALSE,39.141692,-84.467686,0.922,range,TRUE,39061003800,0.42660550458715596,0.7673716012084593,15745,0.11066843736166446,0.4540612516644474,0.30793650793650795,0.618600616575635,136.8876868422908,305.49480136435244,1035.8179461202228,0
51000240123,2740 GREENBROOK LN COLERAIN TOWNSHIP OH 45251,FALSE,FALSE,39.288122,-84.572479,0.751,range,TRUE,39061020504,0.051969823973176864,0.9305613305613306,87569,0.08960176991150443,0.05558628318584071,0.0844205679201842,0.2567367977180334,719.5772993600156,722.6558842704383,0,0
55002010182,5979 GAINES RD GREEN TOWNSHIP OH 45247,FALSE,FALSE,39.201583,-84.638959,0.618,range,TRUE,39061020812,0.04581447963800905,0.9467841984982044,71007,0.055114320096269556,0.06919912896201307,0.07628004179728318,0.25933391633914143,1197.3629836826537,3091.6331734962387,0,0
54000600136,5358 LILIBET CT DELHI TOWNSHIP OH 45238,FALSE,FALSE,39.115521,-84.619019,0.754,range,TRUE,39061021303,0.03723404255319149,0.9339179455057939,79750,0.048504273504273505,0.030277002362035645,0.029259896729776247,0.2327838492554195,5793.140308633621,1654.7255254168658,0,0
17900750537,1292 MCKEONE AV CINCINNATI OH 45205,FALSE,FALSE,39.115288,-84.586248,0.922,range,TRUE,39061009700,0.3494598403006106,0.7811955890887986,27845,0.13112827400940227,0.42612491605104097,0.1738455568490493,0.5644072163546874,4368.605121878692,156.0961955757767,0,502.774106090344
1900020125,1338 HERLIN PL CINCINNATI OH 45208,FALSE,FALSE,39.128144,-84.424511,0.951,range,TRUE,39061004800,0.006934812760055479,0.9795373665480427,108710,0.01612403100775194,0.026976744186046512,0.017041581458759374,0.16719655294622138,3035.6853776275357,152.48612958453697,0,477.3349684301551
50002810394,6996 QUEENSWAY LN ANDERSON TOWNSHIP OH 45230,FALSE,FALSE,39.086554,-84.361903,0.75,range,TRUE,39061025001,0.061718098415346125,0.9662534435261708,79464,0.038348563968668405,0.14513477975016437,0.043859649122807015,0.25917282508266687,3155.0387131676234,1059.7997923755704,0,0
52100020167,2 MELISSA CT TERRACE PARK OH 45174,FALSE,FALSE,39.161056,-84.314701,0.856,street,TRUE,39061027300,0.012387387387387387,0.9658068386322736,117500,0.04654711942006868,0.05231004200076365,0.07112970711297072,0.18681489523397432,4029.6565677323365,81.27963630292504,0,587.166621932719
24500060047,28 WOODSDALE AV CINCINNATI OH 45216,FALSE,FALSE,39.214677,-84.472923,0.922,range,TRUE,39061006000,0.18088986141502553,0.8929331127393051,36036,0.08798882681564246,0.16236033519553073,0.14366021236727045,0.39186295288543566,879.9817431015044,82.87187542744729,0,575.6497633337256
57000500301,7841 SURREYWOOD DR MIAMI TOWNSHIP OH 45052,FALSE,FALSE,39.147254,-84.706102,0.763,range,TRUE,39061020404,0.037418655097613884,0.9313940724478595,88816,0.0207883898803687,0.026475779564620515,0.014430785676109033,0.21135947477141226,6238.2695785721035,1185.1735198538115,0,0
55000410311,5286 SIDNEY RD GREEN TOWNSHIP OH 45238,FALSE,FALSE,39.12541,-84.613928,0.74,range,TRUE,39061010700,0.16326530612244897,0.911993097497843,47543,0.11260210035005834,0.17386231038506417,0.04296875,0.36835826739148225,5175.853005851659,754.7583906304218,0,0
52002140068,5731 MONNING PL COLUMBIA TOWNSHIP OH 45227,FALSE,FALSE,39.167204,-84.394386,0.735,range,TRUE,39061005500,0.32879475542107917,0.8406169665809768,32909,0.13002854918245524,0.31131339401820546,0.18125516102394715,0.5069641320516399,757.2340523745503,2689.351545924886,0,0
59002820347,12065 HAZELHURST LN SPRINGFIELD TOWNSHIP OH 45240,FALSE,FALSE,39.301661,-84.535348,0.739,range,TRUE,39061021571,0.17576243980738362,0.9348098620977852,61500,0.10838272650296359,0.15484234234234234,0.06666666666666667,0.3465281655543085,537.7051149659142,881.9355786197675,0,0
100050097,6254 CRESTVIEW PL CINCINNATI OH 45230,FALSE,FALSE,39.097664,-84.384884,0.945,range,TRUE,39061004604,0.1732484076433121,0.937609841827768,60064,0.019646924829157177,0.12492836676217765,0.16666666666666666,0.3208147873909402,4445.804629949772,200.69135514943525,0,467.8171268579641
54000330120,5056 FRANCISVIEW DR DELHI TOWNSHIP OH 45238,FALSE,FALSE,39.081583,-84.611169,0.775,range,TRUE,39061021421,0.04778393351800554,0.948060486522025,86371,0.07406578652942493,0.02729917207428955,0.032171581769437,0.23269646007939462,3255.71780601614,565.5218253556139,0,0
18000800026,4736 GLENWAY AV CINCINNATI OH 45238,FALSE,FALSE,39.116489,-84.595602,0.922,range,TRUE,39061009901,0.13511972633979474,0.8806509945750453,49643,0.1172737955346651,0.13658070678127984,0.12168252378567852,0.36910350862209723,5121.59669159733,2.2085042139568357e-9,0,633.4389896381696
51000320424,2609 MERRITTVIEW LN COLERAIN TOWNSHIP OH 45231,FALSE,FALSE,39.268689,-84.571771,0.765,range,TRUE,39061021509,0.2302711452853096,0.8365180467091295,45604,0.0928485576923077,0.2863183328299607,0.08243594504270331,0.437050367275226,936.4705940722534,931.7010773281959,0,0
59900700299,850 CLEARFIELD LN SPRINGDALE OH 45240,FALSE,FALSE,39.304967,-84.508419,0.797,range,TRUE,39061021501,0.09085963003264418,0.9415829145728644,55714,0.09230086532061238,0.09692618353152345,0.09901960784313725,0.31201136562405535,580.3772844330208,1586.821733852018,0,0
24800010022,3020 WEST TOWER AV CINCINNATI OH 45238,FALSE,FALSE,39.132613,-84.601335,0.943,range,TRUE,39061010900,0.23395613322502032,0.8752873563218391,31847,0.16215199398043642,0.26034612490594433,0.05525709900230238,0.4554923502070918,3853.5324939836423,566.7661036286997,0,0
17900780057,4056 VINEDALE AV CINCINNATI OH 45205,FALSE,FALSE,39.104309,-84.586379,0.922,range,TRUE,39061009700,0.3494598403006106,0.7811955890887986,27845,0.13112827400940227,0.42612491605104097,0.1738455568490493,0.5644072163546874,4673.7622517634945,1012.5320826674274,0,0
52001720079,6831 WINDWARD AV COLUMBIA TOWNSHIP OH 45227,FALSE,FALSE,39.153852,-84.378738,0.731,range,TRUE,39061005600,0.16300940438871472,0.8674838112858464,45230,0.16413744985173556,0.19592476489028213,0.0995059985885674,0.41384723819108354,2765.7288664786965,955.7656903533374,0,0
17900750214,1048 SUNSET AV CINCINNATI OH 45205,FALSE,FALSE,39.112091,-84.585264,0.922,range,TRUE,39061009700,0.3494598403006106,0.7811955890887986,27845,0.13112827400940227,0.42612491605104097,0.1738455568490493,0.5644072163546874,4342.272098324186,185.79062261152572,0,458.29425236563657
11900010082,1739 NORTHCUTT AV CINCINNATI OH 45237,FALSE,FALSE,39.173876,-84.4666,0.896,range,TRUE,39061006300,0.15276967930029153,0.888420245398773,38470,0.11028192371475953,0.1423794928949568,0.12455334354262379,0.3831314993957367,489.89188318528693,64.54955108864893,0,584.3962271392089
55002430066,6673 POWNER FARM DR GREEN TOWNSHIP OH 45248,FALSE,FALSE,39.15658,-84.666803,0.765,range,TRUE,39061021101,0.002937720329024677,0.9597113650030066,85671,0.03346774193548387,0.06763872012960713,0.0565410199556541,0.21836435364935775,4117.0788168310055,291.2800950363404,0,114.5478522823564
60800050170,3511 BEEKLEY WOODS DR SHARONVILLE OH 45241,FALSE,FALSE,39.268933,-84.410181,0.941,range,TRUE,39061023002,0.042938931297709926,0.9164926931106472,55119,0.07803525450584274,0.05749405233941316,0.027829313543599257,0.28302682428736314,1798.9647056667015,244.19260370492373,0,343.0845793595418
7200020282,1227 MARTIN DR CINCINNATI OH 45202,FALSE,FALSE,39.108586,-84.493594,0.951,range,TRUE,39061026800,0.00411522633744856,0.9834123222748815,81402,0.04002501563477173,0.05378361475922452,0.13291703835860838,0.22474669473701697,689.8145519142909,60.16564850497747,0,1233.3467371629417
8800070090,246 EARNSHAW AV CINCINNATI OH 45219,FALSE,FALSE,39.121228,-84.506314,0.922,range,TRUE,39061002200,0.237045203969129,0.8253061224489796,24660,0.1398795738767948,0.3700787401574803,0.33650329188002925,0.5346882909798587,657.338969233323,451.0572757455404,0,0
62902310012,9400 CUNNINGHAM RD INDIAN HILL OH 45243,FALSE,FALSE,39.19973,-84.308398,0.814,range,TRUE,39061024400,0.029745042492917848,0.9927563150074294,167500,0.020232345646782404,0.04072575381803942,0.09516180711310478,0.12043720973997506,3799.5810165743246,1300.7563930071346,0,0
4000020104,3751 HYDE PARK AV CINCINNATI OH 45209,FALSE,FALSE,39.146821,-84.437076,0.922,range,TRUE,39061005200,0.04912663755458515,0.9321522804372409,74211,0.09966120835686053,0.09974640743871513,0.10721247563352826,0.2880369629515639,773.5219388485024,477.812182160735,0,0
54000400362,4993 DUEBBER DR DELHI TOWNSHIP OH 45238,FALSE,FALSE,39.101511,-84.607025,0.754,range,TRUE,39061021401,0.19002822201317027,0.8919172932330827,39675,0.0746588693957115,0.1742992499013028,0.08044982698961937,0.3812906142253641,5100.179075472599,1891.409298701989,0,0
61201120040,5 MUIRFIELD LN BLUE ASH OH 45241,FALSE,FALSE,39.241217,-84.403766,0.796,range,TRUE,39061023501,0.03676048248133257,0.9477658904971681,101984,0.0434883182974786,0.03269944341372913,0.06848582129481005,0.20847197268480477,1845.8297068770837,1341.0126093370382,0,0
55001810077,4211 RACE RD GREEN TOWNSHIP OH 45211,FALSE,FALSE,39.167808,-84.629866,0.734,range,TRUE,39061020802,0.034328358208955224,0.9405176704828273,74387,0.051885160843998614,0.06572120373573158,0.024745269286754003,0.24598390819390992,2097.35815680952,1087.1518197519906,0,0
50100100063,5027 VILLAGE DR NEWTOWN OH 45244,FALSE,FALSE,39.118491,-84.332253,0.94,range,TRUE,39061024902,0.034594594594594595,0.9656777196044212,116619,0.04346704501483297,0.015320695923136847,0.033101045296167246,0.17797290118293568,4530.5037941808605,605.6699780019283,0,0
60800300205,5089 LORD ALFRED CT SHARONVILLE OH 45241,FALSE,FALSE,39.28663,-84.380142,0.944,range,TRUE,39061022302,0.07533964594483326,0.9203581526861452,66537,0.12659870250231697,0.12696941612604262,0.017394822006472493,0.3117193452836875,364.54180870600993,1313.7334527084572,0,0
59100080228,11754 HAMLET RD FOREST PARK OH 45240,FALSE,FALSE,39.294485,-84.504638,0.954,range,TRUE,39061021506,0.15377446411929171,0.902672718103883,48438,0.08933626926706512,0.13200379867046533,0.13537469782433523,0.3600056595466214,391.9634422217525,422.3154983934727,0,0
17900750148,1236 SLIKER AV CINCINNATI OH 45205,FALSE,FALSE,39.115471,-84.583377,0.922,range,TRUE,39061009700,0.3494598403006106,0.7811955890887986,27845,0.13112827400940227,0.42612491605104097,0.1738455568490493,0.5644072163546874,4121.9968104249165,122.01766582861539,0,510.5388355861296
51000810258,3257 BLUEACRES DR COLERAIN TOWNSHIP OH 45239,FALSE,FALSE,39.206515,-84.590338,0.759,range,TRUE,39061020761,0.14858327574291638,0.8623775031955688,49308,0.09992193598750976,0.11772053083528493,0.06252024619371559,0.3597757714641918,2137.0497403383483,603.4002219693226,0,0
4200020020,3549 BURCH AV CINCINNATI OH 45208,FALSE,FALSE,39.141526,-84.447103,0.921,range,TRUE,39061005000,0.050860420650095606,0.9554655870445344,65156,0.04991783073130649,0.06286067600989283,0.11265693926026468,0.26563401966999745,766.4139221139396,336.56769486615974,0,0
57000100143,7554 BUFFALO RIDGE RD MIAMI TOWNSHIP OH 45002,FALSE,FALSE,39.197052,-84.690925,0.77,range,TRUE,39061020403,0.06775469831849654,0.9386830178619034,79138,0.036726689249420574,0.10561115082201572,0.0771337288909174,0.2619564417347606,1421.2868263539663,1804.8689127857228,0,0
59100030081,510 BRUNSWICK DR FOREST PARK OH 45240,FALSE,FALSE,39.268118,-84.499614,0.947,range,TRUE,39061021504,0.11944677284157586,0.8711751092825919,54115,0.117986099338871,0.14703868538171858,0.046743907311226525,0.3565057541734698,3126.424023082351,1865.1843163021315,0,0
62100080047,10 HIGHRIDGE DR LOVELAND OH 45140,FALSE,FALSE,39.258814,-84.277164,0.94,range,TRUE,39061024303,0.08247422680412371,0.9105312208760484,63779,0.08887572211524218,0.11153903125462894,0.08282904689863843,0.31048488115749234,2694.4770434216034,1870.0047447454403,0,0
3600040321,4514 WHETSEL AV CINCINNATI OH 45227,FALSE,FALSE,39.154656,-84.393738,0.922,range,TRUE,39061005600,0.16300940438871472,0.8674838112858464,45230,0.16413744985173556,0.19592476489028213,0.0995059985885674,0.41384723819108354,1992.7899062172792,1377.7414280771773,0,0
57001700095,3139 BRUNSMAN WY MIAMI TOWNSHIP OH 45052,FALSE,FALSE,39.15549,-84.757922,0.527,street,TRUE,39061020403,0.06775469831849654,0.9386830178619034,79138,0.036726689249420574,0.10561115082201572,0.0771337288909174,0.2619564417347606,3845.988625823654,601.1465308374592,0,0
62100070171,509 NAVAHO DR LOVELAND OH 45140,FALSE,FALSE,39.265542,-84.275805,0.946,range,TRUE,39061024303,0.08247422680412371,0.9105312208760484,63779,0.08887572211524218,0.11153903125462894,0.08282904689863843,0.31048488115749234,3232.6664029345293,1570.0627038487257,0,0
59003930243,10572 FARMHILL CT SPRINGFIELD TOWNSHIP OH 45231,FALSE,FALSE,39.264598,-84.54956,0.735,range,TRUE,39061021509,0.2302711452853096,0.8365180467091295,45604,0.0928485576923077,0.2863183328299607,0.08243594504270331,0.437050367275226,2525.105893398642,787.9321406430486,0,0
55002320114,6268 SPRINGMYER DR GREEN TOWNSHIP OH 45248,FALSE,FALSE,39.16747,-84.651737,0.753,range,TRUE,39061021101,0.002937720329024677,0.9597113650030066,85671,0.03346774193548387,0.06763872012960713,0.0565410199556541,0.21836435364935775,2454.7723314216387,1053.4491300645775,0,0
57000200016,7547 BUFFALO RIDGE RD MIAMI TOWNSHIP OH 45002,FALSE,FALSE,39.196933,-84.690217,0.77,range,TRUE,39061020403,0.06775469831849654,0.9386830178619034,79138,0.036726689249420574,0.10561115082201572,0.0771337288909174,0.2619564417347606,1365.8143416877153,1863.668846315143,0,0
55000100575,3194 BALSAMRIDGE DR GREEN TOWNSHIP OH 45239,FALSE,FALSE,39.191324,-84.589173,0.775,range,TRUE,39061020811,0.12536443148688048,0.9002262443438914,62639,0.10115336658354114,0.06764339152119701,0.034482758620689655,0.31229679246790604,1165.2324354736122,1218.9196532767064,0,0
59100090432,11528 GAFFNEY PL FOREST PARK OH 45240,FALSE,FALSE,39.288654,-84.51299,0.951,range,TRUE,39061021505,0.15022222222222223,0.8870116156282999,44345,0.11547742157876595,0.10414489724834552,0.12040656763096169,0.3676163423277798,1246.5312899858857,158.93163714445544,0,508.15875925899604
61100110179,10261 FALLING WATERS LN EVENDALE OH 45241,FALSE,FALSE,39.251053,-84.411409,0.932,range,TRUE,39061023100,0.0160075329566855,0.9507797270955166,110357,0.018464880521361332,0.016316171138506162,0.02119815668202765,0.17433803639570275,2697.557249290758,269.29643242479665,0,264.4656693146849
51000530339,2595 CORNWALL DR COLERAIN TOWNSHIP OH 45231,FALSE,FALSE,39.238309,-84.572377,0.748,range,TRUE,39061021604,0.22376543209876543,0.9101123595505618,39921,0.06335227272727273,0.2350043465662127,0.0918009810791871,0.3983225118641052,1541.5348717202576,1688.9721713158285,0,0
51000730015,7181 PIPPIN RD COLERAIN TOWNSHIP OH 45239,FALSE,FALSE,39.211367,-84.574037,0.743,range,TRUE,39061020762,0.20202874049027894,0.8161546085232904,37153,0.18625561978163135,0.30950840879689523,0.12305411415863603,0.4877896076822731,1358.2868076355078,867.0732672307247,0,0
61100800227,9636 REXFORD DR EVENDALE OH 45241,FALSE,FALSE,39.234154,-84.415991,0.944,range,TRUE,39061023100,0.0160075329566855,0.9507797270955166,110357,0.018464880521361332,0.016316171138506162,0.02119815668202765,0.17433803639570275,1448.2670626935637,1352.2898811358675,0,0
2400030126,4456 EASTERN AV CINCINNATI OH 45226,FALSE,FALSE,39.11333,-84.422822,0.922,range,TRUE,39061004702,0.31788079470198677,0.7324478178368121,36429,0.12287104622871046,0.43309002433090027,0.22959183673469388,0.5665531389826618,4523.021067525242,47.901669143274276,0,589.1767243961815
60800070174,10945 CONESTOGA CT SHARONVILLE OH 45241,FALSE,FALSE,39.266177,-84.407485,0.947,range,TRUE,39061023002,0.042938931297709926,0.9164926931106472,55119,0.07803525450584274,0.05749405233941316,0.027829313543599257,0.28302682428736314,2145.078822460407,512.1616115860262,0,0
11200020024,630 GREENWOOD AV CINCINNATI OH 45229,FALSE,FALSE,39.153214,-84.492359,0.922,range,TRUE,39061006800,0.3780332056194125,0.7611408199643493,22854,0.14258734655335223,0.35410764872521244,0.35661462612982747,0.5905152839036277,1453.0147491388457,548.54119754114,0,0
51000740315,6691 ACRE DR COLERAIN TOWNSHIP OH 45239,FALSE,FALSE,39.208214,-84.583655,0.754,range,TRUE,39061020761,0.14858327574291638,0.8623775031955688,49308,0.09992193598750976,0.11772053083528493,0.06252024619371559,0.3597757714641918,1882.807643162975,6.032562524737778,0,600.1046987407623
20200320176,1553 KNOX ST CINCINNATI OH 45214,FALSE,FALSE,39.128646,-84.545935,0.957,range,TRUE,39061027200,0.5049288061336255,0.7170795306388527,20462,0.21524064171122995,0.4554367201426025,0.3330898466033601,0.6872682363736143,965.0382460822493,1074.4755723321402,0,0
55000410216,5153 RALPH AV GREEN TOWNSHIP OH 45238,FALSE,FALSE,39.120785,-84.608955,0.741,range,TRUE,39061021202,0.08857001484413657,0.9178924846215566,77544,0.04203152364273205,0.03872348705973925,0.06608133086876156,0.257638543721815,5297.265879491649,615.9747108227449,0,0
24700050244,7921 CHERRYWOOD CT CINCINNATI OH 45224,FALSE,FALSE,39.214872,-84.537568,0.943,range,TRUE,39061011100,0.13953488372093023,0.935687263556116,49854,0.06868131868131869,0.08460076045627377,0.11428571428571428,0.3232267742937359,710.5480381208496,935.6069378694792,0,0
55002320075,4019 EBENEZER RD GREEN TOWNSHIP OH 45248,FALSE,FALSE,39.165108,-84.651647,0.749,range,TRUE,39061021101,0.002937720329024677,0.9597113650030066,85671,0.03346774193548387,0.06763872012960713,0.0565410199556541,0.21836435364935775,2700.2061914318365,798.358785983585,0,0
59003910105,1882 ROOSEVELT AV SPRINGFIELD TOWNSHIP OH 45240,FALSE,FALSE,39.271771,-84.553311,0.74,range,TRUE,39061021509,0.2302711452853096,0.8365180467091295,45604,0.0928485576923077,0.2863183328299607,0.08243594504270331,0.437050367275226,1709.5907099866117,681.9404937090299,0,0
23200020096,6207 SAVANNAH AV CINCINNATI OH 45224,FALSE,FALSE,39.203599,-84.553817,0.922,range,TRUE,39061008201,0.18117519042437433,0.8572953736654805,40147,0.09367859862909368,0.15029195227215028,0.05888376856118792,0.38565627054509943,2205.079819560001,522.5366782958437,0,0
58200070157,111 BANK AV SAINT BERNARD OH 45217,FALSE,FALSE,39.16909,-84.499271,0.926,range,TRUE,39061025800,0.22654867256637168,0.887062937062937,46408,0.09132629646626893,0.1919191919191919,0.14523449319213314,0.40330331173071887,213.654690970794,1770.5292036627557,871.4122475124852,0
11400020023,3895 SPRING HOUSE LN CINCINNATI OH 45217,FALSE,FALSE,39.156263,-84.4975,0.94,range,TRUE,39061006800,0.3780332056194125,0.7611408199643493,22854,0.14258734655335223,0.35410764872521244,0.35661462612982747,0.5905152839036277,1219.4326416664862,1105.7763472869397,0,0
59003710280,9386 MONTORO DR SPRINGFIELD TOWNSHIP OH 45231,FALSE,FALSE,39.240435,-84.563578,0.739,range,TRUE,39061021604,0.22376543209876543,0.9101123595505618,39921,0.06335227272727273,0.2350043465662127,0.0918009810791871,0.3983225118641052,1718.4395563575779,1372.114204505993,0,0
60800010039,3307 HAGEMAN AV SHARONVILLE OH 45241,FALSE,FALSE,39.276687,-84.413273,0.893,range,TRUE,39061023001,0.14158462259728083,0.8668573244359707,42349,0.17166333555407506,0.20497446147013101,0.017050691244239632,0.40626700969613655,901.7647381414365,181.61083341548925,0,717.5808731752213
59002410156,904 W MC KELVEY RD SPRINGFIELD TOWNSHIP OH 45231,FALSE,FALSE,39.245652,-84.51508,0.741,range,TRUE,39061022101,0.049970255800118976,0.9548846675712347,58711,0.06700125470514429,0.1312877263581489,0.05879059350503919,0.2898257566119666,3005.123089620963,2727.2689316872807,0,0
52001000061,4342 ASHLEY OAKS DR COLUMBIA TOWNSHIP OH 45227,FALSE,FALSE,39.1412,-84.347372,0.756,range,TRUE,39061024400,0.029745042492917848,0.9927563150074294,167500,0.020232345646782404,0.04072575381803942,0.09516180711310478,0.12043720973997506,5705.511016049109,416.2672234055155,0,0
20400170164,1842 WYOMING AV CINCINNATI OH 45205,FALSE,FALSE,39.121927,-84.574443,0.922,range,TRUE,39061009200,0.4254498714652956,0.706959706959707,18629,0.22876901798063623,0.5610230747845427,0.26430260047281323,0.6954818229476102,3321.6551458926638,883.8414105086428,0,0
59700800005,2 BRADNOR PL GREENHILLS OH 45218,FALSE,FALSE,39.265018,-84.52977,0.851,street,TRUE,39061022000,0.11294765840220386,0.9231905465288035,56755,0.12195121951219512,0.10473065354115395,0.13519952352590828,0.33852259947916136,3489.7603131125275,2256.8654466779335,0,0
58200130279,90 ANGELS WY SAINT BERNARD OH 45217,FALSE,FALSE,39.163845,-84.49951,0.928,range,TRUE,39061025800,0.22654867256637168,0.887062937062937,46408,0.09132629646626893,0.1919191919191919,0.14523449319213314,0.40330331173071887,634.2682900126767,1706.9883581772187,0,0
60000111194,11961 1ST AV SYCAMORE TOWNSHIP OH 45249,FALSE,FALSE,39.289207,-84.323762,0.541,street,TRUE,39061024301,0.06258790436005626,0.9779411764705882,89348,0.08090359863409509,0.11715261360651431,0.07901554404145078,0.2569309197389073,122.43241715018293,991.32221650035,1062.129895983619,0
9800040154,518 FORTUNE AV CINCINNATI OH 45219,FALSE,FALSE,39.130402,-84.524035,0.922,range,TRUE,39061002900,0.07608695652173914,0.9405320813771518,24146,0.10951560405896994,0.39826127819548873,0.12152777777777778,0.4313028159727733,735.0224112840498,615.787085008274,0,0
21200620068,3201 STANHOPE AV CINCINNATI OH 45211,FALSE,FALSE,39.143446,-84.614657,0.922,range,TRUE,39061010201,0.27261857313670784,0.9053221288515406,30978,0.1431261770244821,0.2324159021406728,0.14949152542372882,0.455889214040772,3943.0460747410025,385.4182208056677,0,0
65100410066,3917 CATHERINE AV NORWOOD OH 45212,FALSE,FALSE,39.149243,-84.44892,0.924,range,TRUE,39061025402,0.16804407713498623,0.8745874587458746,56974,0.0848529959062151,0.1663565314477112,0.16503737780333524,0.373616172256387,55.1114119119256,286.27888555682495,1182.7411030662752,129.12252404547502
56000900081,9960 CAROLINA TRACE RD HARRISON TOWNSHIP OH 45030,FALSE,FALSE,39.259995,-84.786836,0.761,range,TRUE,39061026001,0.026755852842809364,0.9486243683323975,91250,0.05084416844556569,0.04678019181835976,0.018599562363238512,0.21730133382174482,695.5022725213163,5988.549142684085,0,0
59600020095,332 E SHARON RD GLENDALE OH 45246,FALSE,FALSE,39.271973,-84.456937,0.941,range,TRUE,39061022400,0.03211517165005537,0.9608452454940957,95451,0.026785714285714284,0.04622641509433962,0.09154929577464789,0.21142429157597437,1365.5050839492826,983.7607853243417,0,0
53001000019,10101 HAMILTON CLEVES RD CROSBY TOWNSHIP OH 45030,FALSE,FALSE,39.264042,-84.694624,0.776,range,TRUE,39061026002,0.11510791366906475,0.9001455604075691,63700,0.10455927051671733,0.046200607902735565,0.085955847815876,0.31040630487091847,5335.830894359008,19.70211213119021,0,598.7444809281931
55000820460,6076 LAGRANGE LN GREEN TOWNSHIP OH 45239,FALSE,FALSE,39.203682,-84.597544,0.756,range,TRUE,39061020761,0.14858327574291638,0.8623775031955688,49308,0.09992193598750976,0.11772053083528493,0.06252024619371559,0.3597757714641918,2141.847459949527,1269.7139451288137,0,0
67100260206,1325 FUHRMAN RD READING OH 45215,FALSE,FALSE,39.224187,-84.416287,0.94,range,TRUE,39061023210,0.11475409836065574,0.9164585067998889,46366,0.10035113657364628,0.17592592592592593,0.05864197530864197,0.35408066737598054,360.84202962941237,1841.693980168878,0,0
60300250056,8831 WELLERSTATION DR MONTGOMERY OH 45249,FALSE,FALSE,39.263778,-84.316713,0.794,range,TRUE,39061024322,0.02109704641350211,0.9888093927719684,111303,0.025974025974025976,0.027898027898027897,0.016597510373443983,0.16902172115788833,1306.655919586147,1271.7962713202696,0,0
55100130024,4222 CHURCHVIEW LN CHEVIOT OH 45211,FALSE,FALSE,39.167422,-84.61268,0.935,range,TRUE,39061020902,0.1941510966693745,0.8452348628835189,34777,0.09255419415645617,0.2770970782280867,0.16201497617426822,0.4443430710814585,2053.720022586473,1823.9749470377385,0,0
55100070083,4054 HARDING AV CHEVIOT OH 45211,FALSE,FALSE,39.154513,-84.616483,0.914,range,TRUE,39061020902,0.1941510966693745,0.8452348628835189,34777,0.09255419415645617,0.2770970782280867,0.16201497617426822,0.4443430710814585,3351.234199398385,1004.9090348125053,0,0
51000420446,2916 WILLOW RIDGE DR COLERAIN TOWNSHIP OH 45251,FALSE,FALSE,39.262962,-84.581019,0.761,range,TRUE,39061020505,0.11003627569528417,0.8870617437170338,62331,0.12232548087313594,0.06160208968219417,0.05701254275940707,0.3208015582058006,657.6308997773542,1838.4162436033275,0,0
59002500206,10506 HADLEY RD SPRINGFIELD TOWNSHIP OH 45218,FALSE,FALSE,39.264581,-84.512323,0.616,street,TRUE,39061022000,0.11294765840220386,0.9231905465288035,56755,0.12195121951219512,0.10473065354115395,0.13519952352590828,0.33852259947916136,3776.982954251882,2832.907683778474,0,0
54001200680,905 BRAEMORE LN DELHI TOWNSHIP OH 45233,FALSE,FALSE,39.113227,-84.667642,0.749,range,TRUE,39061021302,0.003948667324777887,0.9343976053878773,79531,0.04593701061423351,0.04071689577170698,0.01983551040154814,0.22494816519806154,4361.991622793485,1454.666877209175,0,0
54000420149,335 GLEN OAKS DR DELHI TOWNSHIP OH 45238,FALSE,FALSE,39.091664,-84.616424,0.765,range,TRUE,39061021421,0.04778393351800554,0.948060486522025,86371,0.07406578652942493,0.02729917207428955,0.032171581769437,0.23269646007939462,3749.1011358021706,1675.3382777225645,0,0
21000730135,3071 PENROSE PL CINCINNATI OH 45211,FALSE,FALSE,39.147253,-84.602599,0.949,range,TRUE,39061010202,0.0948905109489051,0.9019283746556473,49167,0.17015607156452228,0.12257327750285497,0.14641744548286603,0.3706645809858816,2854.93434360147,1480.5983355471494,0,0
56100040040,304 BROOKS LN HARRISON OH 45030,FALSE,FALSE,39.268929,-84.816328,0.946,range,TRUE,39061026101,0.12339492640150329,0.8972523219814241,52137,0.04201030927835052,0.06852497096399536,0.09289772727272727,0.311287768842122,533.4698891928692,4013.6363176071122,0,0
65100080039,5114 GLOBE AV NORWOOD OH 45212,FALSE,FALSE,39.16798,-84.456098,0.925,range,TRUE,39061025200,0.15830546265328874,0.8320775026910656,38333,0.08990211231324059,0.1879679834753421,0.2148796498905908,0.41692216110031405,330.32028208744174,186.7679703776363,0,648.0521865878325
20200400358,1637 PULTE ST CINCINNATI OH 45225,FALSE,FALSE,39.136086,-84.548547,0.954,range,TRUE,39061008601,0.6146971201588878,0.6931818181818182,17036,0.17469627147046501,0.4711578947368421,0.17323481116584566,0.6965689822633327,1243.968858726738,1299.7038301338678,0,0
60300050094,8001 MONTE DR MONTGOMERY OH 45242,FALSE,FALSE,39.229706,-84.359302,0.954,range,TRUE,39061023902,0.012841091492776886,0.9752089939463823,102235,0.020532160067043788,0.033102870312172634,0.04885496183206107,0.1840740855573192,636.1459796995937,199.19747449108502,0,376.4767081832286
50100130018,3380 IVY HILLS BLVD NEWTOWN OH 45244,FALSE,FALSE,39.118466,-84.342788,0.933,range,TRUE,39061024902,0.034594594594594595,0.9656777196044212,116619,0.04346704501483297,0.015320695923136847,0.033101045296167246,0.17797290118293568,5327.864055801631,688.3322333473114,0,0
16700020157,7411 GRACELY DR CINCINNATI OH 45233,FALSE,FALSE,39.1279,-84.705152,0.949,range,TRUE,39061010600,0.10954063604240283,0.9015748031496063,49815,0.07224606580829757,0.14449213161659513,0.04230118443316413,0.3331698468345402,5152.994375093106,80.13410493784723,0,592.0475372463338
65100400026,3945 FOREST AV NORWOOD OH 45212,FALSE,FALSE,39.150956,-84.454435,0.931,range,TRUE,39061025402,0.16804407713498623,0.8745874587458746,56974,0.0848529959062151,0.1663565314477112,0.16503737780333524,0.373616172256387,431.65976779077334,651.8648867186135,0,0
65100410095,3905 AVILLA PL NORWOOD OH 45212,FALSE,FALSE,39.149458,-84.447987,0.954,range,TRUE,39061025402,0.16804407713498623,0.8745874587458746,56974,0.0848529959062151,0.1663565314477112,0.16503737780333524,0.373616172256387,41.469561294616355,203.32228059396832,1203.1277255052512,342.0912730913518
21200670036,3324 ROBINET DR CINCINNATI OH 45238,FALSE,FALSE,39.133755,-84.615161,0.949,range,TRUE,39061010900,0.23395613322502032,0.8752873563218391,31847,0.16215199398043642,0.26034612490594433,0.05525709900230238,0.4554923502070918,4617.3612685278495,275.1569273832638,0,267.057710502714
57200070231,23 TIMBERLINE CT CLEVES OH 45002,FALSE,FALSE,39.155561,-84.753636,0.932,range,TRUE,39061020401,0.13781877373846987,0.8960648843496546,54185,0.12286959968291716,0.12413108242303873,0.09568204121687929,0.3559199477011125,4015.888059610835,234.76279637013894,0,360.38932012182
62002010167,8524 WHISPERWOODS LN SYMMES TOWNSHIP OH 45249,FALSE,FALSE,39.286345,-84.327728,0.764,range,TRUE,39061024301,0.06258790436005626,0.9779411764705882,89348,0.08090359863409509,0.11715261360651431,0.07901554404145078,0.2569309197389073,146.4177845611601,1021.6925177580689,1034.4640661264173,0
54000630102,775 IVYHILL DR DELHI TOWNSHIP OH 45238,FALSE,FALSE,39.107997,-84.621043,0.754,range,TRUE,39061021303,0.03723404255319149,0.9339179455057939,79750,0.048504273504273505,0.030277002362035645,0.029259896729776247,0.2327838492554195,4967.980180627649,2210.9154595351283,0,0
65100110162,2619 SHERIDAN DR NORWOOD OH 45212,FALSE,FALSE,39.170538,-84.442934,0.954,range,TRUE,39061025300,0.21940298507462686,0.7041068777832756,30789,0.17641162712996994,0.18576678917474107,0.07458563535911603,0.48845253852851395,714.1714330093164,265.5618775246027,0,256.2413923839662
52700200252,3832 INDIANVIEW AV MARIEMONT OH 45227,FALSE,FALSE,39.14544,-84.370629,0.92,range,TRUE,39061024800,0.018799710773680405,0.9858968708682239,90486,0.03495484998543548,0.023955594507741748,0.08893280632411067,0.2028796301183033,3932.5368591936517,73.02059892763587,0,874.6268579637336
20300300018,1655 WAVERLY AV CINCINNATI OH 45214,FALSE,FALSE,39.128114,-84.55034,0.922,range,TRUE,39061027200,0.5049288061336255,0.7170795306388527,20462,0.21524064171122995,0.4554367201426025,0.3330898466033601,0.6872682363736143,1319.3902543251193,1446.838871476632,0,0
50000420115,1692 TONOPAH DR ANDERSON TOWNSHIP OH 45255,FALSE,FALSE,39.082266,-84.323616,0.732,range,TRUE,39061025102,0.11644086415232516,0.9606283941039565,77253,0.050442017680707225,0.08560972421905633,0.02359671076153021,0.26320517289448797,2443.356848523673,1081.9718232432124,0,0
65100040079,5621 ALVINA AV NORWOOD OH 45212,FALSE,FALSE,39.175556,-84.448772,0.925,range,TRUE,39061025200,0.15830546265328874,0.8320775026910656,38333,0.08990211231324059,0.1879679834753421,0.2148796498905908,0.41692216110031405,1317.2343202512418,449.76201132383625,0,0
52500250067,6029 CHEROKEE DR MADEIRA OH 45243,FALSE,FALSE,39.175851,-84.390179,0.938,range,TRUE,39061024200,0.09686888454011741,0.9640971488912354,73045,0.03888661481784691,0.11174785100286533,0.14762301918265222,0.2801578953919435,658.2200268891263,2080.0187083077117,0,0
100040270,2085 AUTUMNHILL CT CINCINNATI OH 45230,FALSE,FALSE,39.090484,-84.375697,0.922,range,TRUE,39061004602,0.13692946058091288,0.9214221691066626,49327,0.09715994020926756,0.08114456544949819,0.14505321245565628,0.33979965443142673,3707.5745768755246,526.6688290644796,0,0
51000110447,2537 RETFORD DR COLERAIN TOWNSHIP OH 45231,FALSE,FALSE,39.304889,-84.566788,0.742,range,TRUE,39061021508,0.03900536323744515,0.944070429829104,64317,0.0659181455994205,0.038287062239158044,0.09567901234567901,0.26350724736771497,1842.4378693101485,356.04907508238915,0,0
55001130165,4072 SIMCA LN GREEN TOWNSHIP OH 45211,FALSE,FALSE,39.167525,-84.616901,0.737,range,TRUE,39061020802,0.034328358208955224,0.9405176704828273,74387,0.051885160843998614,0.06572120373573158,0.024745269286754003,0.24598390819390992,2063.016280753899,1557.4563885311077,0,0
5500060041,2922 HACKBERRY ST CINCINNATI OH 45206,FALSE,FALSE,39.13047,-84.474688,0.945,range,TRUE,39061004100,0.2584573748308525,0.9229374433363554,31507,0.11715210355987055,0.28007889546351084,0.1879120879120879,0.455225750977689,1344.280865904534,722.5272246191224,0,0
55000620224,3490 CENTURION DR GREEN TOWNSHIP OH 45211,FALSE,FALSE,39.171144,-84.603484,0.772,range,TRUE,39061020802,0.034328358208955224,0.9405176704828273,74387,0.051885160843998614,0.06572120373573158,0.024745269286754003,0.24598390819390992,1350.167865530655,2707.883423043065,0,0
50001440012,8103 CABINET CIR ANDERSON TOWNSHIP OH 45244,FALSE,FALSE,39.103304,-84.327134,0.751,range,TRUE,39061025101,0.02882205513784461,0.9800249687890137,128077,0.0331854138529809,0.010032799536947714,0.014206300185299567,0.15273433317712423,3452.924572403342,1701.2878892664196,0,0
59002230110,8774 CONSTANCE LN SPRINGFIELD TOWNSHIP OH 45231,FALSE,FALSE,39.226887,-84.520983,0.749,range,TRUE,39061022102,0.09750201450443191,0.940232156087923,55536,0.08144297416509137,0.06997314800189544,0.09050934408208135,0.3023855367580633,880.3069455106563,2363.72008294772,0,0
60002320132,4028 LIMERICK AV SYCAMORE TOWNSHIP OH 45236,FALSE,FALSE,39.221046,-84.400159,0.751,range,TRUE,39061023600,0.0984759671746776,0.8965262379896526,53718,0.0768258781905484,0.16528301886792454,0.0662287903667214,0.3375433117012776,384.6735851158335,2285.312860504759,0,0
61201700308,11174 JARDIN PL BLUE ASH OH 45241,FALSE,FALSE,39.270411,-84.382304,0.783,range,TRUE,39061023501,0.03676048248133257,0.9477658904971681,101984,0.0434883182974786,0.03269944341372913,0.06848582129481005,0.20847197268480477,1893.1520987930774,2102.9961384752846,0,0
60002000130,4133 TREBOR DR SYCAMORE TOWNSHIP OH 45236,FALSE,FALSE,39.218866,-84.396749,0.74,range,TRUE,39061023600,0.0984759671746776,0.8965262379896526,53718,0.0768258781905484,0.16528301886792454,0.0662287903667214,0.3375433117012776,726.870614564131,2184.9935380401303,0,0
60800320302,5462 VICTORIAN WY SHARONVILLE OH 45241,FALSE,FALSE,39.290425,-84.377889,0.925,range,TRUE,39061022302,0.07533964594483326,0.9203581526861452,66537,0.12659870250231697,0.12696941612604262,0.017394822006472493,0.3117193452836875,72.67534389561536,1354.969547685742,1118.3116547351801,0
55002520302,6215 KINGOAK DR GREEN TOWNSHIP OH 45248,FALSE,FALSE,39.146513,-84.653939,0.746,range,TRUE,39061021102,0.040653999116217414,0.97686256362795,76875,0.0215962441314554,0.03051643192488263,0.0057117750439367315,0.21264448467315433,4756.162648287551,826.0859826337639,0,0
200030031,6522 WALDORF PL CINCINNATI OH 45230,FALSE,FALSE,39.082571,-84.376366,0.949,range,TRUE,39061004603,0.0654627539503386,0.9159369527145359,68750,0.07874828060522696,0.05639614855570839,0.09034907597535935,0.2820044686923617,2825.491453091525,167.1403111343795,0,521.9932587377184
60300010229,80 WEST ST MONTGOMERY OH 45242,FALSE,FALSE,39.228606,-84.354926,0.831,range,TRUE,39061023902,0.012841091492776886,0.9752089939463823,102235,0.020532160067043788,0.033102870312172634,0.04885496183206107,0.1840740855573192,1005.1424374654694,83.26255287763846,0,1022.1019529727698
51001110141,9858 CAPSTAN DR COLERAIN TOWNSHIP OH 45251,FALSE,FALSE,39.252948,-84.594735,0.739,range,TRUE,39061020505,0.11003627569528417,0.8870617437170338,62331,0.12232548087313594,0.06160208968219417,0.05701254275940707,0.3208015582058006,636.2723578805911,325.39913361969957,0,0
52601100145,5178 ROLLMAN ESTATES DR AMBERLEY VILLAGE OH 45236,FALSE,FALSE,39.203146,-84.413806,0.757,range,TRUE,39061023300,0.020552799433026223,0.9910650464617584,114427,0.038140944683000756,0.03612023238191463,0.028905712319339298,0.17273879009600487,1722.922487826155,1462.3533818863702,0,0
51000440160,10056 STURGEON LN COLERAIN TOWNSHIP OH 45251,FALSE,FALSE,39.254474,-84.574161,0.741,range,TRUE,39061020742,0.2519582245430809,0.8571974035891562,47083,0.14461332141260616,0.14073071718538566,0.11033681765389082,0.41788001180810513,1662.2874408739744,1561.2200431600072,0,0
62100210082,106 PHEASANT WOODS CT LOVELAND OH 45140,FALSE,FALSE,39.267793,-84.296892,0.932,range,TRUE,39061024322,0.02109704641350211,0.9888093927719684,111303,0.025974025974025976,0.027898027898027897,0.016597510373443983,0.16902172115788833,2200.7647777615807,2292.0124507695696,0,0
52500240012,5687 WHETSEL AV MADEIRA OH 45227,FALSE,FALSE,39.170685,-84.386974,0.805,range,TRUE,39061024200,0.09686888454011741,0.9640971488912354,73045,0.03888661481784691,0.11174785100286533,0.14762301918265222,0.2801578953919435,1072.663236955019,2702.6308729908696,0,0
11500010197,3876 VINE ST CINCINNATI OH 45217,FALSE,FALSE,39.156675,-84.505191,0.957,range,TRUE,39061006800,0.3780332056194125,0.7611408199643493,22854,0.14258734655335223,0.35410764872521244,0.35661462612982747,0.5905152839036277,753.1615127839925,1684.4950138388517,0,0
56100070246,143 FLINTSTONE DR HARRISON OH 45030,FALSE,FALSE,39.250708,-84.816801,0.938,range,TRUE,39061026101,0.12339492640150329,0.8972523219814241,52137,0.04201030927835052,0.06852497096399536,0.09289772727272727,0.311287768842122,1853.079447437624,4962.720519786768,0,0
59900420081,341 CHERRY ST SPRINGDALE OH 45246,FALSE,FALSE,39.286094,-84.483232,0.951,range,TRUE,39061022301,0.20227790432801823,0.7675324675324675,43186,0.22704,0.2919825778351347,0.0952184666117065,0.500807446273988,1009.2736910311747,172.9001634824374,0,597.4972655908282
59100120068,11547 ISLANDALE DR FOREST PARK OH 45240,FALSE,FALSE,39.288107,-84.517993,0.947,range,TRUE,39061021505,0.15022222222222223,0.8870116156282999,44345,0.11547742157876595,0.10414489724834552,0.12040656763096169,0.3676163423277798,1325.8248967570594,152.24518095041242,0,516.7696295317094
60000140255,12001 STILLWIND DR SYCAMORE TOWNSHIP OH 45249,FALSE,FALSE,39.287562,-84.344084,0.746,range,TRUE,39061022302,0.07533964594483326,0.9203581526861452,66537,0.12659870250231697,0.12696941612604262,0.017394822006472493,0.3117193452836875,1085.0972140614685,2142.8561257945476,0,0
24500010135,8423 DIXIE AV CINCINNATI OH 45216,FALSE,FALSE,39.215224,-84.461797,0.921,range,TRUE,39061006000,0.18088986141502553,0.8929331127393051,36036,0.08798882681564246,0.16236033519553073,0.14366021236727045,0.39186295288543566,79.80382901817538,1028.0416999182821,575.1407930843613,0
9400050062,150 MULBERRY ST CINCINNATI OH 45202,FALSE,FALSE,39.116118,-84.513235,0.947,range,TRUE,39061002300,0.3968957871396896,0.7986230636833046,17829,0.0909952606635071,0.6164122137404581,0.33578792341678937,0.6396235927717471,1071.4486711450393,718.7179892348067,0,0
12100020081,5649 LAWNDALE PL CINCINNATI OH 45212,FALSE,FALSE,39.175779,-84.437432,0.947,range,TRUE,39061005702,0.08606356968215159,0.9533213644524237,54139,0.07291900381422481,0.1468013468013468,0.15947390053431976,0.3233075008365507,1269.1832980697084,196.88127599595273,0,460.96944710720743
55002430015,6595 BRIDGETOWN RD GREEN TOWNSHIP OH 45248,FALSE,FALSE,39.153071,-84.665052,0.763,range,TRUE,39061021102,0.040653999116217414,0.97686256362795,76875,0.0215962441314554,0.03051643192488263,0.0057117750439367315,0.21264448467315433,4393.462895500979,7.218326176315232,0,599.0337660092154
59004120073,1696 CLAYBURN CIR SPRINGFIELD TOWNSHIP OH 45240,FALSE,FALSE,39.297731,-84.546342,0.737,range,TRUE,39061021508,0.03900536323744515,0.944070429829104,64317,0.0659181455994205,0.038287062239158044,0.09567901234567901,0.26350724736771497,400.764937188244,153.84399064378903,0,515.3154075460255
21100680080,3114 MANNING AV CINCINNATI OH 45211,FALSE,FALSE,39.144739,-84.605382,0.922,range,TRUE,39061010201,0.27261857313670784,0.9053221288515406,30978,0.1431261770244821,0.2324159021406728,0.14949152542372882,0.455889214040772,3212.4656597106446,1126.6030955807546,0,0
61200800338,9500 RAVEN LN BLUE ASH OH 45242,FALSE,FALSE,39.231512,-84.386754,0.948,range,TRUE,39061023522,0.04161979752530934,0.9437724014336918,58463,0.05963984800925161,0.07237715803452856,0.03159041394335512,0.26951274874320535,710.6119494464465,830.9218696368514,0,0
59001801015,9620 PEPPER CIR SPRINGFIELD TOWNSHIP OH 45231,FALSE,FALSE,39.242084,-84.510041,0.739,range,TRUE,39061022101,0.049970255800118976,0.9548846675712347,58711,0.06700125470514429,0.1312877263581489,0.05879059350503919,0.2898257566119666,2652.5220601612245,3183.6437424710202,0,0
55000610256,4331 BOUDINOT AV GREEN TOWNSHIP OH 45211,FALSE,FALSE,39.166416,-84.601742,0.775,range,TRUE,39061020802,0.034328358208955224,0.9405176704828273,74387,0.051885160843998614,0.06572120373573158,0.024745269286754003,0.24598390819390992,1549.9027375050568,2590.37655114117,0,0
